[
{
  "model": "ticket.companytype",
  "pk": 3,
  "fields": {
    "name": "Банк"
  }
},
{
  "model": "ticket.companytype",
  "pk": 4,
  "fields": {
    "name": "Микрокредитка"
  }
},
{
  "model": "ticket.serviceobjecttype",
  "pk": 3,
  "fields": {
    "name": "Банкомат"
  }
},
{
  "model": "ticket.serviceobjecttype",
  "pk": 4,
  "fields": {
    "name": "Терминал"
  }
},
{
  "model": "ticket.serviceobjectmodel",
  "pk": 3,
  "fields": {
    "name": "Модель №1"
  }
},
{
  "model": "ticket.serviceobjectmodel",
  "pk": 4,
  "fields": {
    "name": "Модель №2"
  }
},
{
  "model": "ticket.serviceobjectmodel",
  "pk": 5,
  "fields": {
    "name": "Модель №3"
  }
},
{
  "model": "ticket.country",
  "pk": 3,
  "fields": {
    "name": "Кыргызстан"
  }
},
{
  "model": "ticket.city",
  "pk": 5,
  "fields": {
    "name": "Бишкек",
    "country": 3
  }
},
{
  "model": "ticket.city",
  "pk": 6,
  "fields": {
    "name": "Ош",
    "country": 3
  }
},
{
  "model": "ticket.city",
  "pk": 7,
  "fields": {
    "name": "Талас",
    "country": 3
  }
},
{
  "model": "ticket.city",
  "pk": 8,
  "fields": {
    "name": "Нарын",
    "country": 3
  }
},
{
  "model": "ticket.client",
  "pk": 3,
  "fields": {
    "name": "Оптима Банк",
    "short_name": "Оптима",
    "website": "",
    "type": 3,
    "address": "ул. Хорошая 13",
    "country": 3,
    "city": 5
  }
},
{
  "model": "ticket.client",
  "pk": 4,
  "fields": {
    "name": "Демир Банк",
    "short_name": "Демир",
    "website": "http://demir.kg",
    "type": 3,
    "address": "",
    "country": 3,
    "city": 5
  }
},
{
  "model": "ticket.client",
  "pk": 5,
  "fields": {
    "name": "Финка МК",
    "short_name": "Финка",
    "website": "",
    "type": 4,
    "address": "",
    "country": 3,
    "city": 5
  }
},
{
  "model": "ticket.serviceobject",
  "pk": 5,
  "fields": {
    "serial_number": "11111111111111",
    "model": 3,
    "client": 3,
    "type": 3,
    "is_installed": true,
    "active_from": "2022-04-20T13:28:32Z",
    "address": "ул. Такая-то",
    "country": 3,
    "city": 6
  }
},
{
  "model": "ticket.serviceobject",
  "pk": 6,
  "fields": {
    "serial_number": "2222222222222",
    "model": 4,
    "client": 3,
    "type": 3,
    "is_installed": true,
    "active_from": "2022-04-20T13:29:16Z",
    "address": "Красивая улица",
    "country": 3,
    "city": 5
  }
},
{
  "model": "ticket.serviceobject",
  "pk": 7,
  "fields": {
    "serial_number": "33333333333333",
    "model": 5,
    "client": 3,
    "type": 4,
    "is_installed": false,
    "active_from": null,
    "address": "",
    "country": 3,
    "city": 5
  }
},
{
  "model": "ticket.serviceobject",
  "pk": 8,
  "fields": {
    "serial_number": "444444444444",
    "model": 3,
    "client": 4,
    "type": 3,
    "is_installed": true,
    "active_from": "2022-04-20T13:32:50Z",
    "address": "Некрасивая улица",
    "country": 3,
    "city": 8
  }
},
{
  "model": "ticket.serviceobject",
  "pk": 9,
  "fields": {
    "serial_number": "555555555555",
    "model": 4,
    "client": 4,
    "type": 3,
    "is_installed": true,
    "active_from": "2022-04-20T13:33:16Z",
    "address": "улица Незнайки",
    "country": 3,
    "city": 7
  }
},
{
  "model": "ticket.serviceobject",
  "pk": 10,
  "fields": {
    "serial_number": "6666666666",
    "model": 5,
    "client": 5,
    "type": 4,
    "is_installed": true,
    "active_from": "2022-04-20T13:33:48Z",
    "address": "улица Финансовая",
    "country": 3,
    "city": 5
  }
},
{
  "model": "ticket.ticketpriority",
  "pk": 1,
  "fields": {
    "name": "Низкий"
  }
},
{
  "model": "ticket.ticketpriority",
  "pk": 2,
  "fields": {
    "name": "Средний"
  }
},
{
  "model": "ticket.ticketpriority",
  "pk": 3,
  "fields": {
    "name": "Высокий"
  }
},
{
  "model": "ticket.ticketpriority",
  "pk": 4,
  "fields": {
    "name": "Critical Level"
  }
},
{
  "model": "ticket.tickettype",
  "pk": 1,
  "fields": {
    "name": "Профилактика"
  }
},
{
  "model": "ticket.tickettype",
  "pk": 2,
  "fields": {
    "name": "Срочная инсталяция"
  }
},
{
  "model": "ticket.tickettype",
  "pk": 3,
  "fields": {
    "name": "Прочие работы"
  }
},
{
  "model": "ticket.ticketstatus",
  "pk": 1,
  "fields": {
    "name": "Завершенный"
  }
},
{
  "model": "ticket.ticketstatus",
  "pk": 2,
  "fields": {
    "name": "На исполнении"
  }
},
{
  "model": "ticket.ticketstatus",
  "pk": 3,
  "fields": {
    "name": "Подготовленный"
  }
},
{
  "model": "ticket.ticketstatus",
  "pk": 4,
  "fields": {
    "name": "Неопределенный"
  }
},
{
  "model": "ticket.work",
  "pk": 1,
  "fields": {
    "name": "Работы",
    "parent": null,
    "lft": 1,
    "rght": 12,
    "tree_id": 2,
    "level": 0
  }
},
{
  "model": "ticket.work",
  "pk": 2,
  "fields": {
    "name": "Извлечение изъятых карт",
    "parent": 1,
    "lft": 6,
    "rght": 7,
    "tree_id": 2,
    "level": 1
  }
},
{
  "model": "ticket.work",
  "pk": 3,
  "fields": {
    "name": "Ремонт",
    "parent": 1,
    "lft": 10,
    "rght": 11,
    "tree_id": 2,
    "level": 1
  }
},
{
  "model": "ticket.work",
  "pk": 4,
  "fields": {
    "name": "Очистка/Смазка",
    "parent": 1,
    "lft": 8,
    "rght": 9,
    "tree_id": 2,
    "level": 1
  }
},
{
  "model": "ticket.work",
  "pk": 5,
  "fields": {
    "name": "Демонтаж",
    "parent": 1,
    "lft": 2,
    "rght": 3,
    "tree_id": 2,
    "level": 1
  }
},
{
  "model": "ticket.work",
  "pk": 6,
  "fields": {
    "name": "Доставка бумаги",
    "parent": 1,
    "lft": 4,
    "rght": 5,
    "tree_id": 2,
    "level": 1
  }
},
{
  "model": "ticket.work",
  "pk": 7,
  "fields": {
    "name": "Дефекты",
    "parent": null,
    "lft": 1,
    "rght": 8,
    "tree_id": 1,
    "level": 0
  }
},
{
  "model": "ticket.work",
  "pk": 8,
  "fields": {
    "name": "Неисправность",
    "parent": 7,
    "lft": 2,
    "rght": 3,
    "tree_id": 1,
    "level": 1
  }
},
{
  "model": "ticket.work",
  "pk": 9,
  "fields": {
    "name": "Повреждение(вандализм)",
    "parent": 7,
    "lft": 6,
    "rght": 7,
    "tree_id": 1,
    "level": 1
  }
},
{
  "model": "ticket.work",
  "pk": 10,
  "fields": {
    "name": "Ошибка подключения",
    "parent": 7,
    "lft": 4,
    "rght": 5,
    "tree_id": 1,
    "level": 1
  }
},
{
  "model": "ticket.problemarea",
  "pk": 1,
  "fields": {
    "name": "АТМ",
    "parent": null,
    "lft": 1,
    "rght": 24,
    "tree_id": 1,
    "level": 0
  }
},
{
  "model": "ticket.problemarea",
  "pk": 3,
  "fields": {
    "name": "NON-CASH",
    "parent": 1,
    "lft": 10,
    "rght": 17,
    "tree_id": 1,
    "level": 1
  }
},
{
  "model": "ticket.problemarea",
  "pk": 4,
  "fields": {
    "name": "SOFTWARE",
    "parent": 1,
    "lft": 18,
    "rght": 23,
    "tree_id": 1,
    "level": 1
  }
},
{
  "model": "ticket.problemarea",
  "pk": 5,
  "fields": {
    "name": "Card readers",
    "parent": 3,
    "lft": 11,
    "rght": 12,
    "tree_id": 1,
    "level": 2
  }
},
{
  "model": "ticket.problemarea",
  "pk": 6,
  "fields": {
    "name": "Displays",
    "parent": 3,
    "lft": 13,
    "rght": 14,
    "tree_id": 1,
    "level": 2
  }
},
{
  "model": "ticket.problemarea",
  "pk": 7,
  "fields": {
    "name": "Printers",
    "parent": 3,
    "lft": 15,
    "rght": 16,
    "tree_id": 1,
    "level": 2
  }
},
{
  "model": "ticket.problemarea",
  "pk": 8,
  "fields": {
    "name": "CASH",
    "parent": 1,
    "lft": 2,
    "rght": 9,
    "tree_id": 1,
    "level": 1
  }
},
{
  "model": "ticket.problemarea",
  "pk": 9,
  "fields": {
    "name": "Cash In Cassette",
    "parent": 8,
    "lft": 5,
    "rght": 6,
    "tree_id": 1,
    "level": 2
  }
},
{
  "model": "ticket.problemarea",
  "pk": 10,
  "fields": {
    "name": "V-Module",
    "parent": 8,
    "lft": 7,
    "rght": 8,
    "tree_id": 1,
    "level": 2
  }
},
{
  "model": "ticket.problemarea",
  "pk": 11,
  "fields": {
    "name": "BIM Frame",
    "parent": 8,
    "lft": 3,
    "rght": 4,
    "tree_id": 1,
    "level": 2
  }
},
{
  "model": "ticket.problemarea",
  "pk": 12,
  "fields": {
    "name": "Operating System",
    "parent": 4,
    "lft": 21,
    "rght": 22,
    "tree_id": 1,
    "level": 2
  }
},
{
  "model": "ticket.problemarea",
  "pk": 13,
  "fields": {
    "name": "Application SW",
    "parent": 4,
    "lft": 19,
    "rght": 20,
    "tree_id": 1,
    "level": 2
  }
},
{
  "model": "ticket.servicelevel",
  "pk": 1,
  "fields": {
    "name": "First level maintenance"
  }
},
{
  "model": "ticket.servicelevel",
  "pk": 2,
  "fields": {
    "name": "Second level maintenance"
  }
},
{
  "model": "ticket.department",
  "pk": 1,
  "fields": {
    "name": "Service Department"
  }
}
]
