[
{
  "model": "ticket.ticket",
  "pk": 1,
  "fields": {
    "client": 11,
    "service_object": 14,
    "priority": 4,
    "type": 2,
    "status": 1,
    "service_level": 2,
    "department": 1,
    "created_at": "2022-06-15T15:34:16.371Z",
    "updated_at": "2022-06-16T09:29:13.257Z",
    "received_at": "2022-06-15T15:33:00Z",
    "desired_to": null,
    "operator": 13,
    "description": "заявка для теста с новыми данными\r\nдля вывода в детали",
    "executor": 11,
    "driver": 11,
    "closed_at": "2022-06-16T09:27:27.523Z",
    "ride_started_at": "2022-06-15T16:47:00Z",
    "work_started_at": "2022-06-15T17:47:00Z",
    "work_finished_at": "2022-06-15T18:48:00Z",
    "ride_finished_at": "2022-06-15T20:48:00Z",
    "cancel_reason": "",
    "close_commentary": "тест закрытия без отправки письма",
    "work_done": "1 - сделал это \r\n2 - сделал то \r\n3 - проверил то",
    "expected_finish_date": "2022-06-17T15:36:00Z",
    "works": [
      8,
      6
    ],
    "problem_areas": [
      13
    ]
  }
},
{
  "model": "ticket.ticket",
  "pk": 2,
  "fields": {
    "client": 12,
    "service_object": 12,
    "priority": 2,
    "type": 1,
    "status": 6,
    "service_level": 2,
    "department": 1,
    "created_at": "2022-06-15T15:34:57.020Z",
    "updated_at": "2022-06-15T18:32:34.738Z",
    "received_at": "2022-06-15T15:34:00Z",
    "desired_to": null,
    "operator": 13,
    "description": "",
    "executor": 11,
    "driver": 10,
    "closed_at": null,
    "ride_started_at": null,
    "work_started_at": null,
    "work_finished_at": null,
    "ride_finished_at": null,
    "cancel_reason": "",
    "close_commentary": "",
    "work_done": "",
    "expected_finish_date": null,
    "works": [
      8
    ],
    "problem_areas": [
      12
    ]
  }
},
{
  "model": "ticket.ticket",
  "pk": 3,
  "fields": {
    "client": 11,
    "service_object": 15,
    "priority": 3,
    "type": 4,
    "status": 1,
    "service_level": 2,
    "department": 1,
    "created_at": "2022-06-15T15:35:38.251Z",
    "updated_at": "2022-06-22T12:16:07.966Z",
    "received_at": "2022-06-15T15:35:00Z",
    "desired_to": null,
    "operator": 13,
    "description": "",
    "executor": 10,
    "driver": 10,
    "closed_at": "2022-06-22T12:16:07.958Z",
    "ride_started_at": null,
    "work_started_at": null,
    "work_finished_at": null,
    "ride_finished_at": null,
    "cancel_reason": "",
    "close_commentary": "",
    "work_done": "yes \r\nand \r\nno",
    "expected_finish_date": "2022-06-16T07:36:00Z",
    "works": [
      8
    ],
    "problem_areas": [
      11
    ]
  }
},
{
  "model": "ticket.ticket",
  "pk": 4,
  "fields": {
    "client": 12,
    "service_object": 13,
    "priority": 1,
    "type": 1,
    "status": 6,
    "service_level": 3,
    "department": 1,
    "created_at": "2022-06-15T16:05:45.714Z",
    "updated_at": "2022-06-15T16:22:58.806Z",
    "received_at": "2022-05-30T16:05:00Z",
    "desired_to": null,
    "operator": 13,
    "description": "",
    "executor": 11,
    "driver": 11,
    "closed_at": null,
    "ride_started_at": null,
    "work_started_at": null,
    "work_finished_at": null,
    "ride_finished_at": null,
    "cancel_reason": "",
    "close_commentary": "",
    "work_done": "",
    "expected_finish_date": null,
    "works": [
      8
    ],
    "problem_areas": [
      10
    ]
  }
},
{
  "model": "ticket.ticket",
  "pk": 5,
  "fields": {
    "client": 11,
    "service_object": 18,
    "priority": 1,
    "type": 1,
    "status": 1,
    "service_level": 2,
    "department": 1,
    "created_at": "2022-06-15T16:50:01.875Z",
    "updated_at": "2022-06-16T13:36:59.229Z",
    "received_at": "2022-06-15T16:49:00Z",
    "desired_to": null,
    "operator": 13,
    "description": "",
    "executor": 11,
    "driver": 11,
    "closed_at": "2022-06-16T09:20:42.132Z",
    "ride_started_at": "2022-06-15T17:41:00Z",
    "work_started_at": null,
    "work_finished_at": null,
    "ride_finished_at": null,
    "cancel_reason": "",
    "close_commentary": "",
    "work_done": "1 - done this \r\n2 - done that\r\n3 - done these",
    "expected_finish_date": null,
    "works": [
      8,
      2
    ],
    "problem_areas": [
      13
    ]
  }
},
{
  "model": "ticket.ticket",
  "pk": 6,
  "fields": {
    "client": 12,
    "service_object": 13,
    "priority": 3,
    "type": 4,
    "status": 3,
    "service_level": 1,
    "department": 1,
    "created_at": "2022-06-16T09:47:43.588Z",
    "updated_at": "2022-06-16T10:00:22.802Z",
    "received_at": "2022-06-16T09:47:00Z",
    "desired_to": null,
    "operator": 8,
    "description": "для теста\r\nстатусы",
    "executor": null,
    "driver": null,
    "closed_at": null,
    "ride_started_at": null,
    "work_started_at": null,
    "work_finished_at": null,
    "ride_finished_at": null,
    "cancel_reason": "",
    "close_commentary": "",
    "work_done": "",
    "expected_finish_date": null,
    "works": [
      8
    ],
    "problem_areas": [
      12
    ]
  }
},
{
  "model": "ticket.ticket",
  "pk": 7,
  "fields": {
    "client": 11,
    "service_object": 15,
    "priority": 2,
    "type": 4,
    "status": 1,
    "service_level": 2,
    "department": 1,
    "created_at": "2022-06-16T13:19:48.739Z",
    "updated_at": "2022-06-16T13:41:42.349Z",
    "received_at": "2022-06-16T09:00:00Z",
    "desired_to": null,
    "operator": 8,
    "description": "",
    "executor": 11,
    "driver": 11,
    "closed_at": "2022-06-16T13:41:42.338Z",
    "ride_started_at": "2022-06-16T13:30:00Z",
    "work_started_at": "2022-06-16T13:38:00Z",
    "work_finished_at": "2022-06-16T14:38:00Z",
    "ride_finished_at": "2022-06-16T15:38:00Z",
    "cancel_reason": "",
    "close_commentary": "Заявка выполнена. Произведено изъятие застрявшей бумаги.",
    "work_done": "изьятие застрявшей бумаги",
    "expected_finish_date": "2022-06-17T08:00:00Z",
    "works": [
      8,
      2
    ],
    "problem_areas": [
      7
    ]
  }
},
{
  "model": "ticket.ticket",
  "pk": 8,
  "fields": {
    "client": 11,
    "service_object": 14,
    "priority": 2,
    "type": 1,
    "status": 2,
    "service_level": 3,
    "department": 1,
    "created_at": "2022-06-18T10:11:40.144Z",
    "updated_at": "2022-06-18T10:13:56.085Z",
    "received_at": "2022-06-18T10:11:00Z",
    "desired_to": null,
    "operator": 8,
    "description": "",
    "executor": 10,
    "driver": 10,
    "closed_at": null,
    "ride_started_at": "2022-06-18T11:13:00Z",
    "work_started_at": null,
    "work_finished_at": null,
    "ride_finished_at": null,
    "cancel_reason": "",
    "close_commentary": "",
    "work_done": "",
    "expected_finish_date": null,
    "works": [
      8,
      5
    ],
    "problem_areas": [
      13
    ]
  }
},
{
  "model": "ticket.ticket",
  "pk": 9,
  "fields": {
    "client": 11,
    "service_object": 15,
    "priority": 2,
    "type": 1,
    "status": 6,
    "service_level": 2,
    "department": 1,
    "created_at": "2022-06-20T20:29:31.707Z",
    "updated_at": "2022-06-24T09:21:25.288Z",
    "received_at": "2022-06-20T13:27:00Z",
    "desired_to": null,
    "operator": 13,
    "description": "",
    "executor": 10,
    "driver": 10,
    "closed_at": null,
    "ride_started_at": null,
    "work_started_at": null,
    "work_finished_at": null,
    "ride_finished_at": null,
    "cancel_reason": "",
    "close_commentary": "",
    "work_done": "",
    "expected_finish_date": "2022-06-21T11:28:00Z",
    "works": [
      10
    ],
    "problem_areas": [
      6
    ]
  }
},
{
  "model": "ticket.ticket",
  "pk": 10,
  "fields": {
    "client": 11,
    "service_object": 15,
    "priority": 2,
    "type": 2,
    "status": 3,
    "service_level": 1,
    "department": 1,
    "created_at": "2022-06-21T11:59:53.800Z",
    "updated_at": "2022-06-21T11:59:53.823Z",
    "received_at": "2022-06-21T11:59:00Z",
    "desired_to": null,
    "operator": 13,
    "description": "",
    "executor": 10,
    "driver": 10,
    "closed_at": null,
    "ride_started_at": null,
    "work_started_at": null,
    "work_finished_at": null,
    "ride_finished_at": null,
    "cancel_reason": "",
    "close_commentary": "",
    "work_done": "",
    "expected_finish_date": "2022-06-22T15:59:00Z",
    "works": [
      8
    ],
    "problem_areas": [
      11
    ]
  }
},
{
  "model": "ticket.ticket",
  "pk": 11,
  "fields": {
    "client": 11,
    "service_object": 14,
    "priority": 2,
    "type": 2,
    "status": 3,
    "service_level": 1,
    "department": 1,
    "created_at": "2022-06-21T17:03:02.197Z",
    "updated_at": "2022-06-21T17:03:02.221Z",
    "received_at": "2022-06-21T17:02:00Z",
    "desired_to": null,
    "operator": 13,
    "description": "",
    "executor": null,
    "driver": null,
    "closed_at": null,
    "ride_started_at": null,
    "work_started_at": null,
    "work_finished_at": null,
    "ride_finished_at": null,
    "cancel_reason": "",
    "close_commentary": "",
    "work_done": "",
    "expected_finish_date": "2022-06-22T04:02:00Z",
    "works": [
      10
    ],
    "problem_areas": [
      5
    ]
  }
},
{
  "model": "ticket.ticket",
  "pk": 12,
  "fields": {
    "client": 11,
    "service_object": 14,
    "priority": 2,
    "type": 1,
    "status": 2,
    "service_level": 1,
    "department": 1,
    "created_at": "2022-06-21T17:52:42.837Z",
    "updated_at": "2022-06-22T13:21:36.231Z",
    "received_at": "2022-06-21T17:52:00Z",
    "desired_to": null,
    "operator": 8,
    "description": "",
    "executor": 10,
    "driver": 10,
    "closed_at": null,
    "ride_started_at": "2022-06-22T13:21:00Z",
    "work_started_at": null,
    "work_finished_at": null,
    "ride_finished_at": null,
    "cancel_reason": "",
    "close_commentary": "",
    "work_done": "",
    "expected_finish_date": "2022-06-24T17:52:00Z",
    "works": [
      10,
      5
    ],
    "problem_areas": [
      5
    ]
  }
},
{
  "model": "ticket.ticket",
  "pk": 13,
  "fields": {
    "client": 14,
    "service_object": 19,
    "priority": 2,
    "type": 3,
    "status": 1,
    "service_level": 1,
    "department": 1,
    "created_at": "2022-06-24T09:27:41.728Z",
    "updated_at": "2022-06-24T09:30:56.205Z",
    "received_at": "2022-06-24T09:27:00Z",
    "desired_to": null,
    "operator": 13,
    "description": "",
    "executor": null,
    "driver": null,
    "closed_at": "2022-06-24T09:30:54.715Z",
    "ride_started_at": null,
    "work_started_at": null,
    "work_finished_at": null,
    "ride_finished_at": null,
    "cancel_reason": "",
    "close_commentary": "",
    "work_done": "проделали ничего \r\nзакрыли для теста",
    "expected_finish_date": "2022-06-28T09:27:00Z",
    "works": [
      10
    ],
    "problem_areas": [
      5,
      7
    ]
  }
},
{
  "model": "ticket.ticket",
  "pk": 14,
  "fields": {
    "client": 14,
    "service_object": 19,
    "priority": 2,
    "type": 1,
    "status": 1,
    "service_level": 2,
    "department": 1,
    "created_at": "2022-06-24T09:40:09.201Z",
    "updated_at": "2022-06-24T09:55:10.060Z",
    "received_at": "2022-06-23T09:40:00Z",
    "desired_to": null,
    "operator": 13,
    "description": "",
    "executor": null,
    "driver": null,
    "closed_at": "2022-06-24T09:55:08.375Z",
    "ride_started_at": null,
    "work_started_at": null,
    "work_finished_at": null,
    "ride_finished_at": null,
    "cancel_reason": "",
    "close_commentary": "тест закрытия с письмом на почту",
    "work_done": "1.тест\r\n2.тест",
    "expected_finish_date": "2022-06-27T09:40:00Z",
    "works": [
      10
    ],
    "problem_areas": [
      5
    ]
  }
},
{
  "model": "ticket.ticketpriority",
  "pk": 1,
  "fields": {
    "name": "Низкий"
  }
},
{
  "model": "ticket.ticketpriority",
  "pk": 2,
  "fields": {
    "name": "Средний"
  }
},
{
  "model": "ticket.ticketpriority",
  "pk": 3,
  "fields": {
    "name": "Высокий"
  }
},
{
  "model": "ticket.ticketpriority",
  "pk": 4,
  "fields": {
    "name": "Critical Level"
  }
},
{
  "model": "ticket.tickettype",
  "pk": 1,
  "fields": {
    "name": "Профилактика"
  }
},
{
  "model": "ticket.tickettype",
  "pk": 2,
  "fields": {
    "name": "Срочная инсталяция"
  }
},
{
  "model": "ticket.tickettype",
  "pk": 3,
  "fields": {
    "name": "Прочие работы"
  }
},
{
  "model": "ticket.tickettype",
  "pk": 4,
  "fields": {
    "name": "Ремонт"
  }
},
{
  "model": "ticket.ticketstatus",
  "pk": 1,
  "fields": {
    "name": "Завершенный"
  }
},
{
  "model": "ticket.ticketstatus",
  "pk": 2,
  "fields": {
    "name": "На исполнении"
  }
},
{
  "model": "ticket.ticketstatus",
  "pk": 3,
  "fields": {
    "name": "Подготовленный"
  }
},
{
  "model": "ticket.ticketstatus",
  "pk": 4,
  "fields": {
    "name": "Неопределенный"
  }
},
{
  "model": "ticket.ticketstatus",
  "pk": 5,
  "fields": {
    "name": "Отмененный"
  }
},
{
  "model": "ticket.ticketstatus",
  "pk": 6,
  "fields": {
    "name": "Назначенный"
  }
},
{
  "model": "ticket.ticketstatus",
  "pk": 7,
  "fields": {
    "name": "Исполненный"
  }
},
{
  "model": "ticket.work",
  "pk": 1,
  "fields": {
    "name": "Работы",
    "parent": null,
    "lft": 1,
    "rght": 12,
    "tree_id": 2,
    "level": 0
  }
},
{
  "model": "ticket.work",
  "pk": 2,
  "fields": {
    "name": "Извлечение изъятых карт",
    "parent": 1,
    "lft": 6,
    "rght": 7,
    "tree_id": 2,
    "level": 1
  }
},
{
  "model": "ticket.work",
  "pk": 3,
  "fields": {
    "name": "Ремонт",
    "parent": 1,
    "lft": 10,
    "rght": 11,
    "tree_id": 2,
    "level": 1
  }
},
{
  "model": "ticket.work",
  "pk": 4,
  "fields": {
    "name": "Очистка/Смазка",
    "parent": 1,
    "lft": 8,
    "rght": 9,
    "tree_id": 2,
    "level": 1
  }
},
{
  "model": "ticket.work",
  "pk": 5,
  "fields": {
    "name": "Демонтаж",
    "parent": 1,
    "lft": 2,
    "rght": 3,
    "tree_id": 2,
    "level": 1
  }
},
{
  "model": "ticket.work",
  "pk": 6,
  "fields": {
    "name": "Доставка бумаги",
    "parent": 1,
    "lft": 4,
    "rght": 5,
    "tree_id": 2,
    "level": 1
  }
},
{
  "model": "ticket.work",
  "pk": 7,
  "fields": {
    "name": "Дефекты",
    "parent": null,
    "lft": 1,
    "rght": 8,
    "tree_id": 1,
    "level": 0
  }
},
{
  "model": "ticket.work",
  "pk": 8,
  "fields": {
    "name": "Неисправность",
    "parent": 7,
    "lft": 2,
    "rght": 3,
    "tree_id": 1,
    "level": 1
  }
},
{
  "model": "ticket.work",
  "pk": 9,
  "fields": {
    "name": "Повреждение(вандализм)",
    "parent": 7,
    "lft": 6,
    "rght": 7,
    "tree_id": 1,
    "level": 1
  }
},
{
  "model": "ticket.work",
  "pk": 10,
  "fields": {
    "name": "Ошибка подключения",
    "parent": 7,
    "lft": 4,
    "rght": 5,
    "tree_id": 1,
    "level": 1
  }
},
{
  "model": "ticket.problemarea",
  "pk": 1,
  "fields": {
    "name": "АТМ",
    "parent": null,
    "lft": 1,
    "rght": 24,
    "tree_id": 1,
    "level": 0
  }
},
{
  "model": "ticket.problemarea",
  "pk": 3,
  "fields": {
    "name": "NON-CASH",
    "parent": 1,
    "lft": 10,
    "rght": 17,
    "tree_id": 1,
    "level": 1
  }
},
{
  "model": "ticket.problemarea",
  "pk": 4,
  "fields": {
    "name": "SOFTWARE",
    "parent": 1,
    "lft": 18,
    "rght": 23,
    "tree_id": 1,
    "level": 1
  }
},
{
  "model": "ticket.problemarea",
  "pk": 5,
  "fields": {
    "name": "Card readers",
    "parent": 3,
    "lft": 11,
    "rght": 12,
    "tree_id": 1,
    "level": 2
  }
},
{
  "model": "ticket.problemarea",
  "pk": 6,
  "fields": {
    "name": "Displays",
    "parent": 3,
    "lft": 13,
    "rght": 14,
    "tree_id": 1,
    "level": 2
  }
},
{
  "model": "ticket.problemarea",
  "pk": 7,
  "fields": {
    "name": "Printers",
    "parent": 3,
    "lft": 15,
    "rght": 16,
    "tree_id": 1,
    "level": 2
  }
},
{
  "model": "ticket.problemarea",
  "pk": 8,
  "fields": {
    "name": "CASH",
    "parent": 1,
    "lft": 2,
    "rght": 9,
    "tree_id": 1,
    "level": 1
  }
},
{
  "model": "ticket.problemarea",
  "pk": 9,
  "fields": {
    "name": "Cash In Cassette",
    "parent": 8,
    "lft": 5,
    "rght": 6,
    "tree_id": 1,
    "level": 2
  }
},
{
  "model": "ticket.problemarea",
  "pk": 10,
  "fields": {
    "name": "V-Module",
    "parent": 8,
    "lft": 7,
    "rght": 8,
    "tree_id": 1,
    "level": 2
  }
},
{
  "model": "ticket.problemarea",
  "pk": 11,
  "fields": {
    "name": "BIM Frame",
    "parent": 8,
    "lft": 3,
    "rght": 4,
    "tree_id": 1,
    "level": 2
  }
},
{
  "model": "ticket.problemarea",
  "pk": 12,
  "fields": {
    "name": "Operating System",
    "parent": 4,
    "lft": 21,
    "rght": 22,
    "tree_id": 1,
    "level": 2
  }
},
{
  "model": "ticket.problemarea",
  "pk": 13,
  "fields": {
    "name": "Application SW",
    "parent": 4,
    "lft": 19,
    "rght": 20,
    "tree_id": 1,
    "level": 2
  }
},
{
  "model": "ticket.sparepart",
  "pk": 5,
  "fields": {
    "serial_number": "5404005935",
    "name": "THERMOSTAT 110/220 VOLT",
    "product_code": "00284502000",
    "quantity": 8,
    "measure_unit": "pc",
    "created_at": "2022-06-15T06:40:07.885Z",
    "condition": 1,
    "supplier_company": 5
  }
},
{
  "model": "ticket.sparepart",
  "pk": 6,
  "fields": {
    "serial_number": "5404936080",
    "name": "THERMOSTAT 110/220 VOLT",
    "product_code": "00284502000",
    "quantity": 0,
    "measure_unit": "pc",
    "created_at": "2022-06-15T06:42:01.338Z",
    "condition": 1,
    "supplier_company": 5
  }
},
{
  "model": "ticket.sparepart",
  "pk": 7,
  "fields": {
    "serial_number": "5404A30237",
    "name": "THERMOSTAT 110/220 VOLT",
    "product_code": "00284502000",
    "quantity": 1,
    "measure_unit": "pc",
    "created_at": "2022-06-15T06:43:03.338Z",
    "condition": 1,
    "supplier_company": 5
  }
},
{
  "model": "ticket.sparepart",
  "pk": 8,
  "fields": {
    "serial_number": "5404A30326",
    "name": "THERMOSTAT 110/220 VOLT",
    "product_code": "00284502000",
    "quantity": 0,
    "measure_unit": "pc",
    "created_at": "2022-06-15T06:43:32.272Z",
    "condition": 1,
    "supplier_company": 5
  }
},
{
  "model": "ticket.sparepart",
  "pk": 9,
  "fields": {
    "serial_number": "5404A30406",
    "name": "THERMOSTAT 110/220 VOLT",
    "product_code": "00284502000",
    "quantity": 1,
    "measure_unit": "pc",
    "created_at": "2022-06-15T06:44:02.277Z",
    "condition": 1,
    "supplier_company": 5
  }
},
{
  "model": "ticket.sparepart",
  "pk": 10,
  "fields": {
    "serial_number": "5404B20943",
    "name": "THERMOSTAT 110/220 VOLT",
    "product_code": "00284502000",
    "quantity": 1,
    "measure_unit": "pc",
    "created_at": "2022-06-15T06:44:48.755Z",
    "condition": 1,
    "supplier_company": 5
  }
},
{
  "model": "ticket.sparepart",
  "pk": 11,
  "fields": {
    "serial_number": "",
    "name": "camera pane PC 2050",
    "product_code": "01750024190",
    "quantity": 13,
    "measure_unit": "pc",
    "created_at": "2022-06-15T06:46:17.571Z",
    "condition": 1,
    "supplier_company": 5
  }
},
{
  "model": "ticket.sparepart",
  "pk": 12,
  "fields": {
    "serial_number": "01750029000",
    "name": "Shutter PC/2x50 II",
    "product_code": "01750029000",
    "quantity": 1,
    "measure_unit": "pc",
    "created_at": "2022-06-15T06:47:55.823Z",
    "condition": 1,
    "supplier_company": 5
  }
},
{
  "model": "ticket.sparepart",
  "pk": 13,
  "fields": {
    "serial_number": "01750035768",
    "name": "thickness measuring shaft assy.",
    "product_code": "01750035768",
    "quantity": 7,
    "measure_unit": "pc",
    "created_at": "2022-06-15T06:48:28.666Z",
    "condition": 1,
    "supplier_company": 5
  }
},
{
  "model": "ticket.sparepart",
  "pk": 14,
  "fields": {
    "serial_number": "01750035776",
    "name": "drive shaft CMD V4 assy.",
    "product_code": "01750035776",
    "quantity": 11,
    "measure_unit": "pc",
    "created_at": "2022-06-15T06:49:25.751Z",
    "condition": 1,
    "supplier_company": 5
  }
},
{
  "model": "ticket.sparepart",
  "pk": 15,
  "fields": {
    "serial_number": "01750035778",
    "name": "drive roller shaft CMD V4 assy.",
    "product_code": "01750035778",
    "quantity": 46,
    "measure_unit": "pc",
    "created_at": "2022-06-15T06:50:07.890Z",
    "condition": 1,
    "supplier_company": 5
  }
},
{
  "model": "ticket.sparepart",
  "pk": 16,
  "fields": {
    "serial_number": "01750041251",
    "name": "flat belt",
    "product_code": "01750041251",
    "quantity": 2,
    "measure_unit": "pc",
    "created_at": "2022-06-15T06:51:31.883Z",
    "condition": 1,
    "supplier_company": 5
  }
},
{
  "model": "ticket.condition",
  "pk": 1,
  "fields": {
    "name": "Новая"
  }
},
{
  "model": "ticket.condition",
  "pk": 2,
  "fields": {
    "name": "б/у"
  }
},
{
  "model": "ticket.suppliercompany",
  "pk": 3,
  "fields": {
    "name": "«СМТ Инжиниринг»"
  }
},
{
  "model": "ticket.suppliercompany",
  "pk": 4,
  "fields": {
    "name": "Diebold Nixdorf"
  }
},
{
  "model": "ticket.suppliercompany",
  "pk": 5,
  "fields": {
    "name": "ОсОО \"Линк Бишкек\""
  }
},
{
  "model": "ticket.suppliercompany",
  "pk": 6,
  "fields": {
    "name": "ТОО «Простые терминалы»"
  }
},
{
  "model": "ticket.suppliercompany",
  "pk": 7,
  "fields": {
    "name": "ООО «БЭНСИС»"
  }
},
{
  "model": "ticket.sparepartuser",
  "pk": 9,
  "fields": {
    "spare_part": 5,
    "engineer": 11,
    "quantity": 0,
    "created_at": "2022-06-17T18:30:52.210Z",
    "assigned_by": 8,
    "ticket": 2,
    "service_object": null,
    "status": "returned"
  }
},
{
  "model": "ticket.sparepartuser",
  "pk": 11,
  "fields": {
    "spare_part": 15,
    "engineer": 11,
    "quantity": 0,
    "created_at": "2022-06-17T18:41:21.998Z",
    "assigned_by": 8,
    "ticket": 2,
    "service_object": 12,
    "status": "set"
  }
},
{
  "model": "ticket.sparepartuser",
  "pk": 12,
  "fields": {
    "spare_part": 8,
    "engineer": 10,
    "quantity": 0,
    "created_at": "2022-06-22T13:18:13.949Z",
    "assigned_by": 13,
    "ticket": 12,
    "service_object": 14,
    "status": "set"
  }
},
{
  "model": "ticket.sparepartuser",
  "pk": 13,
  "fields": {
    "spare_part": 13,
    "engineer": 10,
    "quantity": 0,
    "created_at": "2022-06-22T13:19:07.257Z",
    "assigned_by": 13,
    "ticket": 12,
    "service_object": 14,
    "status": "set"
  }
},
{
  "model": "ticket.serviceobject",
  "pk": 12,
  "fields": {
    "serial_number": "5310283385",
    "model": 6,
    "client": 12,
    "type": 1,
    "is_installed": true,
    "active_from": "2022-04-11T06:00:00Z",
    "address": "Военный городок №1, в/ч 20022, здание №7",
    "country": 3,
    "region": 1,
    "city": 9,
    "criterion": 2,
    "guarantee_valid_from": null,
    "guarantee_valid_until": null,
    "time_to_fix_problem": "08:00:00"
  }
},
{
  "model": "ticket.serviceobject",
  "pk": 13,
  "fields": {
    "serial_number": "5310110573",
    "model": 7,
    "client": 12,
    "type": 1,
    "is_installed": true,
    "active_from": "2022-04-11T06:00:00Z",
    "address": "Панфиловский р-он., п. Первомайское, в/ч 45682",
    "country": 3,
    "region": 1,
    "city": 10,
    "criterion": 2,
    "guarantee_valid_from": null,
    "guarantee_valid_until": null,
    "time_to_fix_problem": "08:00:00"
  }
},
{
  "model": "ticket.serviceobject",
  "pk": 14,
  "fields": {
    "serial_number": "5300777116",
    "model": 8,
    "client": 11,
    "type": 1,
    "is_installed": true,
    "active_from": "2022-04-01T06:00:00Z",
    "address": "Военный городок №1, в/ч 20022, здание №7",
    "country": 3,
    "region": 1,
    "city": 9,
    "criterion": 2,
    "guarantee_valid_from": null,
    "guarantee_valid_until": null,
    "time_to_fix_problem": "08:00:00"
  }
},
{
  "model": "ticket.serviceobject",
  "pk": 15,
  "fields": {
    "serial_number": "461200086 ADM 001",
    "model": 9,
    "client": 11,
    "type": 1,
    "is_installed": true,
    "active_from": "2022-06-01T06:00:00Z",
    "address": "ул. Лермонтова, 1Б - Кант-Сут 2",
    "country": 3,
    "region": 1,
    "city": 5,
    "criterion": 2,
    "guarantee_valid_from": null,
    "guarantee_valid_until": null,
    "time_to_fix_problem": "08:00:00"
  }
},
{
  "model": "ticket.serviceobject",
  "pk": 16,
  "fields": {
    "serial_number": "461200059 ADM 002",
    "model": 9,
    "client": 11,
    "type": 1,
    "is_installed": true,
    "active_from": "2022-06-01T06:00:00Z",
    "address": "ул. Шопокова, 91 - ТЦ \"ЦУМ Айчурек\"",
    "country": 3,
    "region": 1,
    "city": 5,
    "criterion": 1,
    "guarantee_valid_from": "2022-04-01",
    "guarantee_valid_until": "2022-12-31",
    "time_to_fix_problem": "08:00:00"
  }
},
{
  "model": "ticket.serviceobject",
  "pk": 17,
  "fields": {
    "serial_number": "461300460 ADM 003",
    "model": 9,
    "client": 11,
    "type": 1,
    "is_installed": true,
    "active_from": "2022-04-01T06:00:00Z",
    "address": "ул. Киевская, 104/1 - БЦФ ОАО \"Оптима Банк\"",
    "country": 3,
    "region": 1,
    "city": 5,
    "criterion": 2,
    "guarantee_valid_from": null,
    "guarantee_valid_until": null,
    "time_to_fix_problem": "08:00:00"
  }
},
{
  "model": "ticket.serviceobject",
  "pk": 18,
  "fields": {
    "serial_number": "461300460 ADM 004",
    "model": 9,
    "client": 11,
    "type": 1,
    "is_installed": true,
    "active_from": "2022-04-01T06:00:00Z",
    "address": "ул. Абдрахманова, 105 - БФ1 ОАО \"Оптима Банк\"",
    "country": 3,
    "region": 1,
    "city": 5,
    "criterion": 2,
    "guarantee_valid_from": null,
    "guarantee_valid_until": null,
    "time_to_fix_problem": "08:00:00"
  }
},
{
  "model": "ticket.serviceobject",
  "pk": 19,
  "fields": {
    "serial_number": "693452891 ADM",
    "model": 9,
    "client": 14,
    "type": 3,
    "is_installed": true,
    "active_from": "2022-05-02T09:26:14Z",
    "address": "Герцена 123",
    "country": 3,
    "region": 1,
    "city": 5,
    "criterion": 1,
    "guarantee_valid_from": "2022-03-01",
    "guarantee_valid_until": "2023-02-10",
    "time_to_fix_problem": "12:00:00"
  }
},
{
  "model": "ticket.criteriontype",
  "pk": 1,
  "fields": {
    "name": "Гарантийный"
  }
},
{
  "model": "ticket.criteriontype",
  "pk": 2,
  "fields": {
    "name": "Пост-гарантийный"
  }
},
{
  "model": "ticket.serviceobjectmodel",
  "pk": 6,
  "fields": {
    "name": "DIEBOLD Nixdorf CINEO C2550"
  }
},
{
  "model": "ticket.serviceobjectmodel",
  "pk": 7,
  "fields": {
    "name": "DIEBOLD Nixdorf CINEO C2060"
  }
},
{
  "model": "ticket.serviceobjectmodel",
  "pk": 8,
  "fields": {
    "name": "Wincor Nixdorf ProCash 2050xe USB"
  }
},
{
  "model": "ticket.serviceobjectmodel",
  "pk": 9,
  "fields": {
    "name": "АДМ машина DasGeld DM-17"
  }
},
{
  "model": "ticket.serviceobjectmodel",
  "pk": 14,
  "fields": {
    "name": "Unicum APP 3"
  }
},
{
  "model": "ticket.serviceobjecttype",
  "pk": 1,
  "fields": {
    "name": "ATM"
  }
},
{
  "model": "ticket.serviceobjecttype",
  "pk": 2,
  "fields": {
    "name": "Terminal"
  }
},
{
  "model": "ticket.serviceobjecttype",
  "pk": 3,
  "fields": {
    "name": "ADM машины"
  }
},
{
  "model": "ticket.servicelevel",
  "pk": 1,
  "fields": {
    "name": "First level maintenance"
  }
},
{
  "model": "ticket.servicelevel",
  "pk": 2,
  "fields": {
    "name": "Second level maintenance"
  }
},
{
  "model": "ticket.servicelevel",
  "pk": 3,
  "fields": {
    "name": "Information"
  }
},
{
  "model": "ticket.country",
  "pk": 1,
  "fields": {
    "name": "Казахстан"
  }
},
{
  "model": "ticket.country",
  "pk": 3,
  "fields": {
    "name": "Кыргызстан"
  }
},
{
  "model": "ticket.region",
  "pk": 1,
  "fields": {
    "name": "Чуйская",
    "country": 3
  }
},
{
  "model": "ticket.region",
  "pk": 2,
  "fields": {
    "name": "Иссык-Кульская",
    "country": 3
  }
},
{
  "model": "ticket.region",
  "pk": 3,
  "fields": {
    "name": "Баткенская",
    "country": 3
  }
},
{
  "model": "ticket.region",
  "pk": 4,
  "fields": {
    "name": "Ошская",
    "country": 3
  }
},
{
  "model": "ticket.region",
  "pk": 5,
  "fields": {
    "name": "Жалал-Абадская",
    "country": 3
  }
},
{
  "model": "ticket.region",
  "pk": 6,
  "fields": {
    "name": "Нарынская",
    "country": 3
  }
},
{
  "model": "ticket.region",
  "pk": 7,
  "fields": {
    "name": "Таласская",
    "country": 3
  }
},
{
  "model": "ticket.city",
  "pk": 5,
  "fields": {
    "name": "Бишкек",
    "country": 3
  }
},
{
  "model": "ticket.city",
  "pk": 6,
  "fields": {
    "name": "Ош",
    "country": 3
  }
},
{
  "model": "ticket.city",
  "pk": 7,
  "fields": {
    "name": "Талас",
    "country": 3
  }
},
{
  "model": "ticket.city",
  "pk": 8,
  "fields": {
    "name": "Нарын",
    "country": 3
  }
},
{
  "model": "ticket.city",
  "pk": 9,
  "fields": {
    "name": "Кант",
    "country": 3
  }
},
{
  "model": "ticket.city",
  "pk": 10,
  "fields": {
    "name": "Чалдовар",
    "country": 3
  }
},
{
  "model": "ticket.department",
  "pk": 1,
  "fields": {
    "name": "Service Department"
  }
},
{
  "model": "ticket.contract",
  "pk": 2,
  "fields": {
    "doc_number": "01/22116/00007",
    "date": "2022-06-14",
    "type": 1,
    "department": 1,
    "company_client": 11,
    "valid_from": "2022-04-01",
    "valid_until": "2022-12-31",
    "status": 5
  }
},
{
  "model": "ticket.contract",
  "pk": 3,
  "fields": {
    "doc_number": "ДП/2022-2",
    "date": "2022-06-14",
    "type": 1,
    "department": 1,
    "company_client": 12,
    "valid_from": "2022-04-11",
    "valid_until": "2023-04-01",
    "status": 5
  }
},
{
  "model": "ticket.contracttype",
  "pk": 1,
  "fields": {
    "name": "Service agreement"
  }
},
{
  "model": "ticket.contractstatus",
  "pk": 1,
  "fields": {
    "name": "Созданный"
  }
},
{
  "model": "ticket.contractstatus",
  "pk": 2,
  "fields": {
    "name": "Подготовленный"
  }
},
{
  "model": "ticket.contractstatus",
  "pk": 3,
  "fields": {
    "name": "На исполлнении"
  }
},
{
  "model": "ticket.contractstatus",
  "pk": 4,
  "fields": {
    "name": "Закрытый"
  }
},
{
  "model": "ticket.contractstatus",
  "pk": 5,
  "fields": {
    "name": "Действующий"
  }
},
{
  "model": "ticket.contractstatus",
  "pk": 6,
  "fields": {
    "name": "Продленный"
  }
},
{
  "model": "ticket.client",
  "pk": 11,
  "fields": {
    "name": "ОАО \"Оптима Банк\"",
    "short_name": "Оптима",
    "website": "http://www.optimabank.kg",
    "email": "sd_service_user@optimabank.kg",
    "type": 3,
    "address": "проспект Жибек-Жолу 493",
    "country": 3,
    "region": 1,
    "city": 5
  }
},
{
  "model": "ticket.client",
  "pk": 12,
  "fields": {
    "name": "Центральный банк Российской Федерации (Банк России)",
    "short_name": "Банк России",
    "website": "http://www.cbr.ru",
    "email": "cbr@gmail.ru",
    "type": 3,
    "address": "Главпочтамт, а/я 2021,  в/ч 10513",
    "country": 3,
    "region": 1,
    "city": 5
  }
},
{
  "model": "ticket.client",
  "pk": 13,
  "fields": {
    "name": "ОАО Дос-кредобанк",
    "short_name": "ДосКредо",
    "website": "http://www.dcb.kg",
    "email": "info@dcb.kg",
    "type": 3,
    "address": "ул. Исанова, 81-83",
    "country": 3,
    "region": 1,
    "city": 5
  }
},
{
  "model": "ticket.client",
  "pk": 14,
  "fields": {
    "name": "Банк Python-9 Team-3",
    "short_name": "Python-9",
    "website": "",
    "email": "faralost@mail.ru",
    "type": 1,
    "address": "Малдыбаева 7",
    "country": 3,
    "region": 1,
    "city": 5
  }
},
{
  "model": "ticket.companytype",
  "pk": 1,
  "fields": {
    "name": "Финансовая организация"
  }
},
{
  "model": "ticket.companytype",
  "pk": 3,
  "fields": {
    "name": "Банк"
  }
},
{
  "model": "ticket.companytype",
  "pk": 4,
  "fields": {
    "name": "Микрокредитная компания"
  }
}
]
